City_ID,City,Country,Date,Lat,Lng,Max Temp,Humidity,Cloudiness,Wind Speed
0,Anori,BR,2022-04-19 18:16:06,-3.7728,-61.6442,82.38,88,100,1.19
1,Marysville,US,2022-04-19 18:16:07,48.0518,-122.1771,51.15,77,100,11.5
2,Bria,CF,2022-04-19 18:16:08,6.5423,21.9863,70.9,95,98,7.45
3,Shimoda,JP,2022-04-19 18:16:08,34.6667,138.95,54.1,86,75,7.87
4,New Norfolk,AU,2022-04-19 18:16:09,-42.7826,147.0587,51.93,74,78,1.01
5,Punta Arenas,CL,2022-04-19 18:16:10,-53.15,-70.9167,53.71,43,0,18.41
6,Asau,RO,2022-04-19 18:16:10,46.4333,26.4,45.52,71,100,1.66
7,Atuona,PF,2022-04-19 18:16:11,-9.8,-139.0333,79.93,71,24,18.59
8,Muisne,EC,2022-04-19 18:16:11,0.6,-80.0333,78.33,78,100,3.09
9,Gornopravdinsk,RU,2022-04-19 18:16:12,60.05,69.9,29.48,99,15,4.29
10,Cape Town,ZA,2022-04-19 18:15:06,-33.9258,18.4232,70.11,70,0,3.44
11,Hobart,AU,2022-04-19 18:13:06,-42.8794,147.3294,52.27,81,71,9.22
12,Takoradi,GH,2022-04-19 18:16:12,4.8845,-1.7554,82.62,79,62,9.73
13,Souillac,MU,2022-04-19 18:16:13,-20.5167,57.5167,79.18,94,75,9.22
14,Saint Anthony,US,2022-04-19 18:16:13,45.0205,-93.218,46.29,42,0,9.22
15,San Cristobal,VE,2022-04-19 18:16:14,7.7669,-72.225,82.58,36,97,6.96
16,Rikitea,PF,2022-04-19 18:16:15,-23.1203,-134.9692,77.72,75,6,18.79
17,Alice Springs,AU,2022-04-19 18:16:15,-23.7,133.8833,49.55,57,0,0.0
18,Torbay,CA,2022-04-19 18:16:16,47.6666,-52.7314,38.88,69,40,10.36
19,Yellowknife,CA,2022-04-19 18:16:16,62.456,-114.3525,27.12,39,20,5.75
20,Bouca,CF,2022-04-19 18:16:17,6.5105,18.2733,80.1,56,59,3.47
21,Mahebourg,MU,2022-04-19 18:16:17,-20.4081,57.7,80.26,94,75,9.22
22,Khatassy,RU,2022-04-19 18:16:17,61.9036,129.6383,26.58,96,98,4.12
23,Port Alfred,ZA,2022-04-19 18:16:18,-33.5906,26.891,68.18,86,42,3.0
24,Caxias,PT,2022-04-19 18:16:18,38.7031,-9.2767,59.92,54,20,26.46
25,Kapaa,US,2022-04-19 18:16:19,22.0752,-159.319,75.18,82,100,21.85
26,Sao Filipe,CV,2022-04-19 18:16:19,14.8961,-24.4956,73.83,71,1,12.17
27,Ushuaia,AR,2022-04-19 18:16:19,-54.8,-68.3,55.06,47,20,3.44
28,Bluff,NZ,2022-04-19 18:16:20,-46.6,168.3333,50.81,87,100,6.89
29,Georgetown,MY,2022-04-19 18:13:48,5.4112,100.3354,78.73,94,20,2.3
30,Bambous Virieux,MU,2022-04-19 18:16:20,-20.3428,57.7575,80.22,94,75,9.22
31,Norman Wells,CA,2022-04-19 18:16:21,65.282,-126.8329,26.64,33,0,11.5
32,Ternate,ID,2022-04-19 18:16:21,0.8,127.4,80.24,81,99,3.56
33,Turbat,PK,2022-04-19 18:13:23,26.0023,63.044,82.69,67,1,6.51
34,Busselton,AU,2022-04-19 18:16:21,-33.65,115.3333,55.78,89,0,9.82
35,Dikson,RU,2022-04-19 18:16:22,73.5069,80.5464,6.49,96,100,6.42
36,Hilo,US,2022-04-19 18:16:22,19.7297,-155.09,78.28,73,0,1.99
37,Longyearbyen,SJ,2022-04-19 18:16:23,78.2186,15.6401,21.04,79,75,4.61
38,Carnarvon,AU,2022-04-19 18:15:43,-24.8667,113.6333,68.07,73,22,10.36
39,Najran,SA,2022-04-19 18:16:23,17.4924,44.1277,79.45,18,10,4.81
40,Merauke,ID,2022-04-19 18:16:24,-8.4667,140.3333,78.66,85,98,3.6
41,Washougal,US,2022-04-19 18:16:24,45.5826,-122.3534,46.38,92,100,6.91
42,Jamestown,US,2022-04-19 18:14:25,42.097,-79.2353,35.19,75,100,27.63
43,Aklavik,CA,2022-04-19 18:16:24,68.2191,-135.0107,19.4,53,20,5.75
44,Srednekolymsk,RU,2022-04-19 18:16:25,67.45,153.6833,3.61,96,26,3.53
45,Kodiak,US,2022-04-19 18:11:58,57.79,-152.4072,38.71,81,100,18.41
46,Bredasdorp,ZA,2022-04-19 18:16:25,-34.5322,20.0403,61.88,93,0,7.2
47,Avarua,CK,2022-04-19 18:16:26,-21.2078,-159.775,77.05,83,75,5.75
48,Launceston,AU,2022-04-19 18:16:26,-41.45,147.1667,50.14,94,85,8.05
49,Mayo,US,2022-04-19 18:16:27,38.8876,-76.5119,53.71,45,75,17.27
50,Thompson,CA,2022-04-19 18:16:27,55.7435,-97.8558,28.56,59,75,4.61
51,Jardim,BR,2022-04-19 18:16:28,-21.4803,-56.1381,88.18,34,0,3.24
52,Mar Del Plata,AR,2022-04-19 18:16:28,-38.0023,-57.5575,68.02,96,40,11.99
53,Cherskiy,RU,2022-04-19 18:16:29,68.75,161.3,10.26,93,42,6.87
54,Lompoc,US,2022-04-19 18:15:48,34.6391,-120.4579,74.01,71,0,19.57
55,Sinnar,SD,2022-04-19 18:16:29,13.5691,33.5672,98.02,6,30,7.16
56,Hermanus,ZA,2022-04-19 18:16:30,-34.4187,19.2345,68.81,67,0,10.47
57,Esperance,AU,2022-04-19 18:16:30,-33.8667,121.9,55.24,74,99,9.15
58,Chuy,UY,2022-04-19 18:16:30,-33.6971,-53.4616,75.79,50,1,8.23
59,Maldonado,UY,2022-04-19 18:16:27,-34.6667,-54.9167,76.39,42,53,3.56
60,Talnakh,RU,2022-04-19 18:13:13,69.4865,88.3972,-1.19,100,94,3.18
61,Barrow,US,2022-04-19 18:14:50,71.2906,-156.7887,5.02,78,0,11.5
62,Mount Gambier,AU,2022-04-19 18:16:31,-37.8333,140.7667,57.11,100,100,8.05
63,Qaanaaq,GL,2022-04-19 18:16:31,77.484,-69.3632,0.41,77,100,7.29
64,Fairbanks,US,2022-04-19 18:16:32,64.8378,-147.7164,37.74,35,0,16.11
65,Khatanga,RU,2022-04-19 18:16:32,71.9667,102.5,-13.83,100,81,3.8
66,Cozumel,MX,2022-04-19 18:15:12,20.5083,-86.9458,84.94,75,40,14.97
67,Mataura,NZ,2022-04-19 18:16:33,-46.1927,168.8643,50.49,89,100,3.11
68,Port Lincoln,AU,2022-04-19 18:16:33,-34.7333,135.8667,61.74,87,47,10.07
69,Tuktoyaktuk,CA,2022-04-19 18:16:34,69.4541,-133.0374,12.2,73,0,3.44
70,Razole,IN,2022-04-19 18:16:34,16.4833,81.8333,80.82,88,12,5.21
71,Acari,PE,2022-04-19 18:16:34,-15.4311,-74.6158,79.86,54,30,9.37
72,Aksarka,RU,2022-04-19 18:16:35,66.5606,67.7975,30.45,90,100,13.87
73,Sibolga,ID,2022-04-19 18:16:35,1.7427,98.7792,76.71,92,100,3.27
74,Labuhan,ID,2022-04-19 18:16:36,-6.8844,112.2051,75.18,97,100,6.53
75,Rio Grande,BR,2022-04-19 18:13:26,-32.035,-52.0986,80.71,65,1,8.97
76,Port Blair,IN,2022-04-19 18:16:36,11.6667,92.75,84.24,74,75,2.3
77,Coahuayana,MX,2022-04-19 18:16:37,18.7333,-103.6833,89.56,48,1,7.43
78,Xai-Xai,MZ,2022-04-19 18:16:37,-25.0519,33.6442,70.54,88,94,17.43
79,Robstown,US,2022-04-19 18:16:37,27.7903,-97.6689,78.58,83,100,23.02
80,Zhigansk,RU,2022-04-19 18:16:38,66.7697,123.3711,16.83,95,99,9.28
81,Airai,TL,2022-04-19 18:16:38,-8.9266,125.4092,58.82,79,49,2.42
82,Ocos,GT,2022-04-19 18:16:38,14.5094,-92.1933,93.38,62,26,9.98
83,Ilulissat,GL,2022-04-19 18:16:39,69.2167,-51.1,8.62,61,75,13.8
84,Bom Jardim,BR,2022-04-19 18:16:39,-7.7958,-35.5872,86.56,50,98,13.31
85,Ballina,AU,2022-04-19 18:16:40,-28.8667,153.5667,66.38,98,1,9.06
86,Aleksandrovskoye,RU,2022-04-19 18:16:40,44.7142,43.0008,61.65,62,61,3.51
87,Cidreira,BR,2022-04-19 18:16:17,-30.1811,-50.2056,71.8,68,1,9.98
88,Vodnyy,RU,2022-04-19 18:16:41,63.5046,53.4095,34.05,98,99,7.23
89,Sitka,US,2022-04-19 18:16:41,57.0531,-135.33,46.29,49,40,6.91
90,Cairns,AU,2022-04-19 18:16:41,-16.9167,145.7667,76.95,83,40,11.5
91,Ancud,CL,2022-04-19 18:16:42,-41.8697,-73.8203,51.22,80,93,5.61
92,Cayenne,GF,2022-04-19 18:16:42,4.9333,-52.3333,76.08,1,75,3.44
93,Provideniya,RU,2022-04-19 18:16:42,64.3833,-173.3,27.64,84,100,11.27
94,Castro,BR,2022-04-19 18:16:43,-24.7911,-50.0119,73.04,50,1,6.29
95,Kaitangata,NZ,2022-04-19 18:16:43,-46.2817,169.8464,49.95,83,100,3.62
96,Progreso,MX,2022-04-19 18:16:43,21.2833,-89.6667,94.1,58,5,16.96
97,Mizan Teferi,ET,2022-04-19 18:16:44,6.9833,35.5833,63.01,96,81,1.63
98,Hindoria,IN,2022-04-19 18:16:44,23.9,79.5667,91.71,15,16,6.85
99,Clyde River,CA,2022-04-19 18:16:45,70.4692,-68.5914,-7.37,71,75,9.22
100,Klaksvik,FO,2022-04-19 18:14:28,62.2266,-6.589,47.32,80,19,15.97
101,Antofagasta,CL,2022-04-19 18:12:14,-23.65,-70.4,65.48,66,81,7.87
102,Bethel,US,2022-04-19 18:16:45,41.3712,-73.414,47.19,63,100,13.8
103,Bossangoa,CF,2022-04-19 18:16:46,6.4926,17.4552,79.95,57,100,2.24
104,Tiarei,PF,2022-04-19 18:16:46,-17.5333,-149.3333,82.42,73,11,3.91
105,Nikolskoye,RU,2022-04-19 18:11:48,59.7035,30.7861,46.29,93,33,5.46
106,Butaritari,KI,2022-04-19 18:16:47,3.0707,172.7902,81.55,74,25,16.13
107,Broome,US,2022-04-19 18:16:47,42.2506,-75.833,40.69,71,100,13.8
108,Wellington,NZ,2022-04-19 18:12:39,-41.2866,174.7756,63.55,90,40,5.75
109,Kedougou,SN,2022-04-19 18:16:48,12.5579,-12.1743,104.85,10,63,5.82
110,Egvekinot,RU,2022-04-19 18:16:48,66.3167,-179.1667,21.87,89,100,6.49
111,Saskylakh,RU,2022-04-19 18:12:16,71.9167,114.0833,-7.26,100,83,4.85
112,Sayat,TM,2022-04-19 18:16:49,38.7839,63.8803,58.21,72,95,10.87
113,Leningradskiy,RU,2022-04-19 18:16:49,69.3833,178.4167,13.41,88,99,4.16
114,Khasan,RU,2022-04-19 18:16:50,42.4308,130.6434,42.58,91,0,2.8
115,Prainha,BR,2022-04-19 18:16:50,-1.8,-53.48,85.08,71,87,2.89
116,Saint-Philippe,RE,2022-04-19 18:16:14,-21.3585,55.7679,78.39,83,32,7.34
117,Kushima,JP,2022-04-19 18:16:50,31.4583,131.2333,57.78,74,100,4.29
118,Puerto Ayora,EC,2022-04-19 18:16:51,-0.7393,-90.3518,78.76,83,66,9.64
119,Nanortalik,GL,2022-04-19 18:16:51,60.1432,-45.2371,32.74,57,70,30.53
120,Basco,PH,2022-04-19 18:16:52,20.4487,121.9702,77.58,74,95,18.52
121,Necochea,AR,2022-04-19 18:16:52,-38.5473,-58.7368,72.64,49,65,11.74
122,Gamba,GA,2022-04-19 18:16:52,-2.65,10.0,75.36,94,100,9.69
123,Jamiltepec,MX,2022-04-19 18:14:48,16.2833,-97.8167,93.92,28,6,6.98
124,Grand Gaube,MU,2022-04-19 18:16:53,-20.0064,57.6608,80.38,88,68,5.01
125,Vao,NC,2022-04-19 18:16:53,-22.6667,167.4833,74.82,72,0,5.84
126,Bengkulu,ID,2022-04-19 18:16:54,-3.8004,102.2655,78.12,88,100,4.76
127,Chokurdakh,RU,2022-04-19 18:16:54,70.6333,147.9167,5.27,95,63,5.5
128,Iznoski,RU,2022-04-19 18:16:55,54.9881,35.3108,44.02,88,99,11.12
129,Aleksandrov Gay,RU,2022-04-19 18:16:55,50.147,48.5704,60.89,50,85,9.75
130,Puerto Escondido,MX,2022-04-19 18:16:55,15.85,-97.0667,86.83,70,0,8.05
131,Geraldton,AU,2022-04-19 18:16:56,-28.7667,114.6,66.61,42,0,19.57
132,Itarema,BR,2022-04-19 18:16:56,-2.9248,-39.9167,82.78,78,97,9.89
133,Clonakilty,IE,2022-04-19 18:16:57,51.6231,-8.8706,49.21,78,88,11.21
134,Sangar,RU,2022-04-19 18:16:57,63.9242,127.4739,21.92,95,100,6.4
135,Albany,US,2022-04-19 18:12:18,42.6001,-73.9662,41.65,73,96,1.01
136,Yamada,JP,2022-04-19 18:14:19,39.4667,141.95,40.05,69,0,5.1
137,Sussex,US,2022-04-19 18:15:08,41.1834,-74.6663,46.49,59,100,12.66
138,Boyolangu,ID,2022-04-19 18:16:58,-8.1181,111.8935,74.08,96,100,6.46
139,Chapais,CA,2022-04-19 18:16:58,49.7834,-74.8492,33.58,82,100,12.01
140,Bandarbeyla,SO,2022-04-19 18:16:58,9.4942,50.8122,81.5,73,4,10.89
141,Langenburg,DE,2022-04-19 18:16:59,49.2544,9.8458,56.1,41,0,11.5
142,Tsaratanana,MG,2022-04-19 18:16:59,-16.7833,47.65,75.33,79,92,5.64
143,Kahului,US,2022-04-19 18:16:19,20.8947,-156.47,75.22,77,40,16.11
144,Cabo San Lucas,MX,2022-04-19 18:16:44,22.8909,-109.9124,91.62,32,0,4.61
145,San Ramon,US,2022-04-19 18:13:15,37.7799,-121.978,61.39,74,20,11.5
146,Pingdu,CN,2022-04-19 18:17:00,36.7844,119.9464,52.41,52,0,6.17
147,Bathsheba,BB,2022-04-19 18:17:01,13.2167,-59.5167,84.81,58,20,24.16
148,Lorengau,PG,2022-04-19 18:17:01,-2.0226,147.2712,81.9,74,91,7.29
149,Jojoima,SL,2022-04-19 18:17:01,7.8792,-10.7878,82.45,66,81,5.44
150,Hasaki,JP,2022-04-19 18:17:02,35.7333,140.8333,54.0,62,100,12.71
151,Kushmurun,KZ,2022-04-19 18:17:02,52.4503,64.6311,57.4,62,86,7.36
152,Lebu,CL,2022-04-19 18:17:03,-37.6167,-73.65,54.63,92,100,3.85
153,Yetkul,RU,2022-04-19 18:17:03,54.8221,61.588,45.61,81,95,5.1
154,Codrington,AU,2022-04-19 18:17:05,-38.2667,141.9667,52.12,95,14,10.76
155,Taoudenni,ML,2022-04-19 18:17:06,22.6783,-3.9836,92.88,6,80,10.76
156,Vila Velha,BR,2022-04-19 18:12:34,-20.3297,-40.2925,82.35,69,20,16.11
157,Uwajima,JP,2022-04-19 18:17:07,33.2238,132.56,54.68,65,41,5.06
158,Kavieng,PG,2022-04-19 18:17:07,-2.5744,150.7967,82.18,74,85,14.03
159,East London,ZA,2022-04-19 18:16:15,-33.0153,27.9116,67.14,94,20,2.3
160,Macamic,CA,2022-04-19 18:17:08,48.7502,-78.9996,32.7,100,100,14.05
161,Saint-Georges,GD,2022-04-19 18:14:50,12.0564,-61.7485,85.68,70,20,24.16
162,Nouadhibou,MR,2022-04-19 18:17:09,20.931,-17.0347,69.78,73,90,19.57
163,Carauari,BR,2022-04-19 18:17:09,-4.8828,-66.8958,80.89,90,96,2.86
164,Henties Bay,NA,2022-04-19 18:17:09,-22.116,14.2845,71.28,62,52,7.78
165,Arraial Do Cabo,BR,2022-04-19 18:17:10,-22.9661,-42.0278,80.56,69,20,6.91
166,Dudinka,RU,2022-04-19 18:17:10,69.4058,86.1778,-5.1,100,92,2.82
167,Aktau,KZ,2022-04-19 18:17:11,43.65,51.2,57.78,55,33,10.63
168,Howard Springs,AU,2022-04-19 18:17:11,-12.497,131.047,80.51,96,64,5.41
169,Medina Del Campo,ES,2022-04-19 18:17:11,41.3124,-4.9141,44.71,77,100,10.87
170,Hambantota,LK,2022-04-19 18:17:12,6.1241,81.1185,80.19,84,98,10.6
171,Sobolevo,RU,2022-04-19 18:17:13,54.4299,31.8996,49.62,80,96,16.42
172,Mitsamiouli,KM,2022-04-19 18:17:13,-11.3847,43.2844,82.54,74,62,4.38
173,Iqaluit,CA,2022-04-19 18:17:13,63.7506,-68.5145,11.93,72,100,18.41
174,Half Moon Bay,US,2022-04-19 18:17:14,37.4636,-122.4286,63.9,72,75,6.91
175,Gualeguay,AR,2022-04-19 18:17:15,-33.1416,-59.3097,77.36,43,45,7.72
176,Coquimbo,CL,2022-04-19 18:12:30,-29.9533,-71.3436,64.13,63,20,10.36
177,Busing,PH,2022-04-19 18:17:16,13.1514,122.9714,79.25,81,99,7.38
178,Waingapu,ID,2022-04-19 18:17:16,-9.6567,120.2641,78.44,75,100,3.76
179,Kautokeino,NO,2022-04-19 18:17:17,69.0125,23.0412,37.26,92,92,1.68
180,Wadena,US,2022-04-19 18:17:18,46.4425,-95.1361,40.75,48,0,12.66
181,Borshchiv,UA,2022-04-19 18:17:18,48.8033,26.0435,43.59,46,99,4.5
182,Agadez,NE,2022-04-19 18:13:22,19.75,10.25,82.92,13,25,6.35
183,Vakhrushi,RU,2022-04-19 18:17:19,58.6847,50.0261,34.47,98,99,2.89
184,Chateaubelair,VC,2022-04-19 18:17:19,13.2833,-61.25,78.55,76,76,14.74
185,Lisakovsk,KZ,2022-04-19 18:17:19,52.5369,62.4936,55.87,69,98,6.38
186,Katsuura,JP,2022-04-19 18:13:03,35.1333,140.3,58.98,67,100,15.03
187,Prieska,ZA,2022-04-19 18:17:20,-29.6641,22.7474,71.08,30,0,3.49
188,Bandiagara,ML,2022-04-19 18:17:20,14.3501,-3.6104,94.8,8,100,10.83
189,Upernavik,GL,2022-04-19 18:17:21,72.7868,-56.1549,0.79,79,100,8.63
190,Hofn,IS,2022-04-19 18:17:23,64.2539,-15.2082,44.65,84,20,10.07
191,Olafsvik,IS,2022-04-19 18:17:23,64.8945,-23.7142,41.86,70,40,13.76
192,Marawi,PH,2022-04-19 18:17:23,7.9986,124.2928,69.15,96,80,0.51
193,Maragogi,BR,2022-04-19 18:17:24,-9.0122,-35.2225,82.69,72,98,9.53
194,Vaini,TO,2022-04-19 18:17:24,-21.2,-175.2,78.96,83,40,6.91
195,Pangnirtung,CA,2022-04-19 18:17:25,66.1451,-65.7125,3.2,66,20,0.0
196,Bagaces,CR,2022-04-19 18:17:25,10.5271,-85.2548,91.33,35,100,11.7
197,Aykhal,RU,2022-04-19 18:17:25,66.0,111.5,10.13,96,100,8.84
198,Aljezur,PT,2022-04-19 18:17:26,37.3191,-8.8033,58.93,62,0,26.13
199,Deer Lake,CA,2022-04-19 18:12:42,49.1667,-57.4316,46.26,29,75,5.75
200,George Town,MY,2022-04-19 18:14:00,5.4112,100.3354,78.73,94,20,2.3
201,Abu Samrah,SY,2022-04-19 18:17:27,35.3029,37.1841,57.22,62,19,14.16
202,Haines Junction,CA,2022-04-19 18:17:27,60.7522,-137.5108,31.95,29,99,0.0
203,Abnub,EG,2022-04-19 18:17:28,27.2696,31.1511,76.84,21,0,13.6
204,Viedma,AR,2022-04-19 18:17:28,-40.8135,-62.9967,76.51,22,58,15.19
205,Semporna,MY,2022-04-19 18:17:28,4.4818,118.6112,79.23,85,85,4.72
206,Okhotsk,RU,2022-04-19 18:17:29,59.3833,143.3,24.94,93,100,14.14
207,Eucaliptus,BO,2022-04-19 18:17:29,-17.5833,-67.5167,63.16,16,31,7.0
208,Touros,BR,2022-04-19 18:14:20,-5.1989,-35.4608,85.51,57,83,14.2
209,Rawson,AR,2022-04-19 18:17:30,-43.3002,-65.1023,68.11,36,94,3.58
210,Puerto Madero,MX,2022-04-19 18:17:30,14.7208,-92.4215,93.4,55,40,9.22
211,Stromness,GB,2022-04-19 18:17:31,58.965,-3.296,51.76,82,11,1.99
212,Hervey Bay,AU,2022-04-19 18:17:31,-25.2986,152.8535,68.02,88,0,8.01
213,Oum Hadjer,TD,2022-04-19 18:17:31,13.2954,19.6966,95.81,13,53,9.01
214,Tasiilaq,GL,2022-04-19 18:17:32,65.6145,-37.6368,35.76,89,100,19.91
215,Bonavista,CA,2022-04-19 18:14:27,48.6499,-53.1147,30.13,63,51,7.81
216,Portsmouth,GB,2022-04-19 18:17:32,50.799,-1.0913,58.51,78,77,7.63
217,Tessalit,ML,2022-04-19 18:17:33,20.1986,1.0114,92.17,6,4,7.43
218,Ketchikan,US,2022-04-19 18:17:02,55.3422,-131.6461,46.87,66,100,0.0
219,Yangjiang,CN,2022-04-19 18:17:34,21.85,111.9667,64.27,86,93,5.01
220,Kadyy,RU,2022-04-19 18:17:34,57.787,43.1903,39.02,78,8,3.6
221,Mao,ES,2022-04-19 18:15:57,39.8885,4.2658,61.36,67,0,11.5
222,Husavik,IS,2022-04-19 18:17:35,66.0449,-17.3389,33.71,92,100,1.72
223,Puerto Baquerizo Moreno,EC,2022-04-19 18:17:35,-0.9,-89.6,81.59,69,40,11.5
224,Imbituba,BR,2022-04-19 18:17:35,-28.24,-48.6703,77.86,65,8,5.03
225,Tomatlan,MX,2022-04-19 18:17:36,19.9333,-105.25,88.7,45,1,8.55
226,Ibra,OM,2022-04-19 18:17:36,22.6906,58.5334,81.12,39,0,7.67
227,Fortuna,US,2022-04-19 18:17:37,40.5982,-124.1573,52.14,94,40,8.05
228,Key West,US,2022-04-19 18:17:37,24.5557,-81.7826,87.8,61,0,13.8
229,Ilebo,CD,2022-04-19 18:17:38,-4.3167,20.5833,74.43,94,95,1.7
230,San Patricio,US,2022-04-19 18:17:38,28.017,-97.5169,78.66,76,96,19.17
231,Abha,SA,2022-04-19 18:17:38,18.2164,42.5053,69.62,40,0,0.0
232,Jinchang,CN,2022-04-19 18:17:39,38.4953,102.1739,51.87,12,6,10.02
233,Banda Aceh,ID,2022-04-19 18:17:39,5.5577,95.3222,81.01,79,100,9.57
234,Berlevag,NO,2022-04-19 18:14:33,70.8578,29.0864,37.4,93,75,12.66
235,Mpika,ZM,2022-04-19 18:17:40,-11.8343,31.4529,61.56,97,17,4.12
236,Yuncheng,CN,2022-04-19 18:17:41,35.0231,110.9928,56.43,42,97,2.51
237,Port Elizabeth,ZA,2022-04-19 18:17:41,-33.918,25.5701,69.1,90,0,10.36
238,Jalu,LY,2022-04-19 18:17:41,29.0331,21.5482,68.22,31,5,11.14
239,Sydney Mines,CA,2022-04-19 18:17:42,46.2367,-60.2177,45.55,72,75,17.27
240,Sao Jose Da Tapera,BR,2022-04-19 18:17:42,-9.5583,-37.3811,93.29,33,100,12.41
241,Okha,RU,2022-04-19 18:17:43,53.5739,142.9478,32.41,91,100,11.63
242,Brazzaville,CG,2022-04-19 18:17:43,-4.2658,15.2832,77.27,87,100,2.19
243,Tiksi,RU,2022-04-19 18:17:44,71.6872,128.8694,-2.02,100,98,4.38
244,Anchorage,US,2022-04-19 18:15:09,61.2181,-149.9003,38.93,57,0,5.75
245,Grand-Lahou,CI,2022-04-19 18:17:45,5.1367,-5.0242,81.88,80,100,9.8
246,Akureyri,IS,2022-04-19 18:17:46,65.6835,-18.0878,37.33,75,75,10.36
247,Khoy,IR,2022-04-19 18:17:46,38.5504,44.9535,67.82,30,92,3.91
248,Namibe,AO,2022-04-19 18:17:47,-15.1961,12.1522,74.53,82,53,6.69
249,Dingle,PH,2022-04-19 18:17:47,10.9995,122.6711,76.55,89,10,7.85
250,Namatanai,PG,2022-04-19 18:17:48,-3.6667,152.4333,79.81,79,72,9.4
251,Watsa,CD,2022-04-19 18:17:48,3.0372,29.5355,63.9,98,98,0.2
252,Tamsweg,AT,2022-04-19 18:17:49,47.1281,13.811,42.67,98,90,6.29
253,Estepona,ES,2022-04-19 18:17:49,36.4276,-5.1459,65.59,62,0,14.25
254,Minggang,CN,2022-04-19 18:17:49,32.4586,114.0486,59.07,52,69,5.23
255,Yarmouth,US,2022-04-19 18:17:50,41.7057,-70.2286,54.97,77,100,28.77
256,Ambilobe,MG,2022-04-19 18:17:50,-13.2,49.05,75.18,92,13,2.19
257,Tikhvin,RU,2022-04-19 18:17:51,59.6451,33.5294,35.22,83,100,4.9
258,Bataipora,BR,2022-04-19 18:17:51,-22.2953,-53.2711,82.65,47,0,1.05
259,Narsaq,GL,2022-04-19 18:17:51,60.9167,-46.05,46.62,49,73,10.87
260,Jipijapa,EC,2022-04-19 18:17:52,-1.3333,-80.5833,78.3,71,99,0.18
261,Hamilton,US,2022-04-19 18:13:16,39.1834,-84.5333,48.29,58,100,14.97
262,Kelvington,CA,2022-04-19 18:17:53,52.1667,-103.5343,26.98,83,100,18.86
263,Villa Maria,AR,2022-04-19 18:17:53,-32.4075,-63.2402,78.39,36,100,12.77
264,Wanning,CN,2022-04-19 18:17:54,18.8003,110.3967,71.71,92,94,8.28
265,Xiuyan,CN,2022-04-19 18:17:54,40.2928,123.2744,48.45,74,0,3.31
266,Araouane,ML,2022-04-19 18:17:54,18.9048,-3.5265,88.18,6,1,6.02
267,Riyadh,SA,2022-04-19 18:17:10,24.6877,46.7219,84.34,10,79,8.7
268,Longyan,CN,2022-04-19 18:17:55,25.1072,117.0225,59.27,96,100,1.83
269,Karratha,AU,2022-04-19 18:17:55,-20.7377,116.8463,78.66,52,8,8.84
270,Severo-Kurilsk,RU,2022-04-19 18:17:56,50.6789,156.125,29.75,81,74,15.7
271,Mazamari,PE,2022-04-19 18:17:56,-11.3258,-74.5308,86.32,55,99,2.68
272,Dom Pedrito,BR,2022-04-19 18:17:57,-30.9828,-54.6731,77.94,45,0,5.66
273,Dunedin,NZ,2022-04-19 18:17:57,-45.8742,170.5036,57.79,76,100,5.01
274,Semnan,IR,2022-04-19 18:17:58,35.5729,53.3971,65.07,24,1,2.42
275,Kemin,KG,2022-04-19 18:17:58,42.7846,75.6892,57.47,66,97,3.51
276,Hashtgerd,IR,2022-04-19 18:17:58,35.9642,50.6858,62.44,22,18,8.79
277,Lamar,US,2022-04-19 18:17:31,33.6668,-95.5836,67.35,48,0,13.8
278,Amapa,BR,2022-04-19 18:17:59,1.0,-52.0,80.08,92,97,2.62
279,Victoria,HK,2022-04-19 18:17:04,22.2855,114.1577,69.33,84,100,4.0
280,Tolaga Bay,NZ,2022-04-19 18:17:59,-38.3667,178.3,60.48,93,36,6.62
281,Saint-Pierre,RE,2022-04-19 18:18:00,-21.3393,55.4781,78.48,85,40,4.61
282,Kasungu,MW,2022-04-19 18:18:00,-13.0333,33.4833,64.65,95,39,4.85
283,Ribeira Grande,PT,2022-04-19 18:18:01,38.5167,-28.7,63.0,63,75,11.5
284,Madaoua,NE,2022-04-19 18:18:01,14.073,5.96,94.55,14,85,9.84
285,Madera,US,2022-04-19 18:15:54,37.1666,-119.8343,70.23,65,95,9.42
286,Virginia Beach,US,2022-04-19 18:15:50,36.8529,-75.978,56.05,46,75,20.71
287,Bourail,NC,2022-04-19 18:18:03,-21.5667,165.4833,71.15,90,3,3.06
288,Luderitz,NA,2022-04-19 18:14:35,-26.6481,15.1594,75.33,40,1,7.85
289,Whithorn,JM,2022-04-19 18:18:04,18.2604,-78.0378,81.66,73,23,2.68
290,Prince Rupert,CA,2022-04-19 18:18:04,54.3161,-130.3201,50.09,43,100,14.97
291,Portland,US,2022-04-19 18:18:04,45.5234,-122.6762,46.53,90,100,6.91
292,Wajima,JP,2022-04-19 18:18:05,37.4,136.9,49.35,66,0,7.29
293,Kamenka,RU,2022-04-19 18:18:05,51.3223,42.7678,56.41,70,100,8.37
294,San Bartolome De Tirajana,ES,2022-04-19 18:18:06,27.9248,-15.5733,59.32,70,75,29.93
295,Ponta Do Sol,PT,2022-04-19 18:18:06,32.6667,-17.1,66.7,63,10,11.36
296,Clinton,US,2022-04-19 18:13:54,42.587,-82.9199,42.89,66,100,17.27
297,Kadoma,JP,2022-04-19 18:18:07,34.7333,135.5833,57.65,40,5,5.75
298,Sucua,EC,2022-04-19 18:18:07,-2.4667,-78.1667,75.94,73,75,6.91
299,Te Anau,NZ,2022-04-19 18:18:07,-45.4167,167.7167,50.34,81,100,1.57
300,Aquiraz,BR,2022-04-19 18:15:52,-3.9014,-38.3911,86.09,76,96,9.93
301,Grajau,BR,2022-04-19 18:18:08,-5.8194,-46.1386,81.1,88,99,4.18
302,Mitu,CO,2022-04-19 18:18:08,1.1983,-70.1733,81.27,81,89,4.16
303,La Ronge,CA,2022-04-19 18:18:09,55.1001,-105.2842,30.45,69,100,16.11
304,Seaford,GB,2022-04-19 18:18:09,50.7714,0.1027,58.44,63,52,1.99
305,Hithadhoo,MV,2022-04-19 18:18:10,-0.6,73.0833,83.82,70,86,5.7
306,Balkhash,KZ,2022-04-19 18:18:10,46.844,74.9804,52.12,44,100,13.82
307,Sur,OM,2022-04-19 18:18:11,22.5667,59.5289,81.59,74,0,3.42
308,Kudahuvadhoo,MV,2022-04-19 18:18:11,2.6708,72.8944,84.45,68,100,7.11
309,Reinosa,ES,2022-04-19 18:18:12,42.9996,-4.138,42.04,94,100,7.85
310,Port-Gentil,GA,2022-04-19 18:18:12,-0.7193,8.7815,75.16,94,40,4.61
311,Atar,MR,2022-04-19 18:18:13,20.5169,-13.0499,102.25,21,100,4.61
312,Paamiut,GL,2022-04-19 18:18:13,61.994,-49.6678,22.08,64,6,37.74
313,Ugoofaaru,MV,2022-04-19 18:18:14,5.6667,73.0,85.24,71,73,8.57
314,Dalian,CN,2022-04-19 18:18:14,38.9122,121.6022,62.53,36,0,11.18
315,Naze,JP,2022-04-19 18:18:14,28.3667,129.4833,61.72,63,100,5.3
316,Junin,AR,2022-04-19 18:18:15,-34.5838,-60.9433,79.16,32,61,10.09
317,Constitucion,CL,2022-04-19 18:18:15,-35.3333,-72.4167,61.93,65,100,8.05
318,Krasnoselkup,RU,2022-04-19 18:18:16,65.7,82.4667,9.1,94,100,6.17
319,Robertsport,LR,2022-04-19 18:18:16,6.7533,-11.3686,82.15,78,56,7.34
320,Nipawin,CA,2022-04-19 18:18:17,53.3668,-104.0009,37.44,60,0,11.5
321,Richards Bay,ZA,2022-04-19 18:18:17,-28.783,32.0377,65.14,78,0,2.1
322,Divnomorskoye,RU,2022-04-19 18:18:17,44.5011,38.1353,51.04,98,100,3.91
323,Mokrousovo,RU,2022-04-19 18:18:18,55.8103,66.7653,39.94,87,91,9.8
324,Roma,US,2022-04-19 18:13:58,43.2128,-75.4557,38.37,90,100,8.05
325,Lahat,ID,2022-04-19 18:18:19,-3.8,103.5333,72.75,97,100,1.66
326,Paranaiba,BR,2022-04-19 18:18:19,-19.6772,-51.1908,87.82,40,0,4.0
327,Wairoa,NZ,2022-04-19 18:18:19,-39.0333,177.3667,55.54,97,21,1.99
328,Panzhihua,CN,2022-04-19 18:18:20,26.5851,101.7128,60.66,89,98,2.15
329,Kushiro,JP,2022-04-19 18:18:20,42.975,144.3747,36.93,89,2,3.09
330,San Fernando,PH,2022-04-19 18:18:21,15.0286,120.6898,83.93,76,21,3.96
331,Norfolk,US,2022-04-19 18:18:21,42.1668,-71.2495,56.62,66,75,23.02
332,Vestmannaeyjar,IS,2022-04-19 18:14:20,63.4427,-20.2734,45.59,70,0,11.5
333,Baykit,RU,2022-04-19 18:18:22,61.67,96.37,21.04,91,100,6.4
334,Yenagoa,NG,2022-04-19 18:18:22,4.9247,6.2642,77.09,83,100,3.06
335,Luanda,AO,2022-04-19 18:18:23,-8.8368,13.2343,78.33,89,96,12.48
336,Le Moule,GP,2022-04-19 18:18:23,16.3332,-61.3473,86.04,100,44,11.99
337,Erzin,TR,2022-04-19 18:18:24,36.9559,36.2,56.08,82,0,4.5
338,Alofi,NU,2022-04-19 18:14:23,-19.0595,-169.9187,75.09,94,100,6.91
339,Atasu,KZ,2022-04-19 18:18:24,48.6814,71.6433,49.6,49,87,7.45
340,Reidsville,US,2022-04-19 18:18:25,36.3549,-79.6645,55.78,32,40,12.66
341,San Jeronimo,PE,2022-04-19 18:18:25,-11.9472,-75.2829,64.45,40,34,1.95
342,Damghan,IR,2022-04-19 18:18:26,36.1683,54.348,63.97,24,0,1.79
343,Otane,NZ,2022-04-19 18:18:26,-39.8833,176.6333,54.01,95,80,2.55
344,Hualmay,PE,2022-04-19 18:18:26,-11.0964,-77.6139,72.14,72,27,10.98
345,Katangli,RU,2022-04-19 18:18:27,51.7102,143.2326,33.26,86,100,7.2
346,Ostrovnoy,RU,2022-04-19 18:18:27,68.0531,39.5131,31.75,87,100,11.34
347,Luganville,VU,2022-04-19 18:18:28,-15.5333,167.1667,80.13,84,86,5.37
348,Lata,PT,2022-04-19 18:18:29,40.1629,-8.3327,57.07,68,19,16.96
349,Mackenzie,CA,2022-04-19 18:18:29,55.2999,-123.1698,28.62,54,100,4.61
350,Farap,TM,2022-04-19 18:18:30,39.1704,63.6116,60.12,68,100,8.66
351,Ribeira Brava,PT,2022-04-19 18:18:30,32.65,-17.0667,66.7,66,10,13.35
352,Yulara,AU,2022-04-19 18:18:30,-25.2406,130.9889,58.84,38,99,6.91
353,Strezhevoy,RU,2022-04-19 18:14:19,60.7333,77.5889,32.52,96,100,6.73
354,Kieta,PG,2022-04-19 18:18:31,-6.2167,155.6333,79.16,83,97,3.02
355,Bow Island,CA,2022-04-19 18:15:02,49.8668,-111.3684,53.78,30,68,20.71
356,Aldan,RU,2022-04-19 18:18:32,58.6031,125.3894,18.84,95,100,4.74
357,Guerrero Negro,MX,2022-04-19 18:18:32,27.9769,-114.0611,69.78,61,14,13.31
358,Lazaro Cardenas,MX,2022-04-19 18:17:18,17.9583,-102.2,84.45,52,4,8.23
359,Puerto El Triunfo,SV,2022-04-19 18:18:33,13.2833,-88.55,89.56,53,61,12.71
360,Saint George,US,2022-04-19 18:18:33,37.1041,-113.5841,85.24,7,0,3.0
361,Almaznyy,RU,2022-04-19 18:18:33,48.0448,40.045,55.06,93,100,6.62
362,Lagoa,PT,2022-04-19 18:18:34,39.05,-27.9833,59.5,69,51,12.35
363,Huarmey,PE,2022-04-19 18:18:34,-10.0681,-78.1522,72.72,73,66,10.96
364,Mul,IN,2022-04-19 18:18:34,20.0667,79.6667,93.51,16,16,4.12
365,Port Hedland,AU,2022-04-19 18:15:19,-20.3167,118.5667,78.85,38,5,8.05
366,Homer,US,2022-04-19 18:18:35,59.6425,-151.5483,40.77,61,0,6.91
367,Hami,CN,2022-04-19 18:18:35,42.8,93.45,63.68,9,35,3.65
368,Wahiawa,US,2022-04-19 18:18:36,21.5028,-158.0236,73.36,78,100,0.0
369,Benemerito De Las Americas,MX,2022-04-19 18:18:36,16.5167,-90.6439,95.07,34,3,2.33
370,Mbumi,TZ,2022-04-19 18:18:37,-7.9058,39.2105,74.71,90,95,1.74
371,Lufilufi,WS,2022-04-19 18:18:37,-13.8745,-171.5986,76.78,69,17,16.28
372,Flagstaff,US,2022-04-19 18:16:08,35.1981,-111.6513,67.51,17,0,23.02
373,Shelburne,CA,2022-04-19 18:18:38,44.0787,-80.2041,35.91,96,96,18.63
374,Los Llanos De Aridane,ES,2022-04-19 18:18:38,28.6585,-17.9182,64.15,76,75,17.27
375,Lakes Entrance,AU,2022-04-19 18:18:39,-37.8811,147.981,50.16,85,78,12.77
376,Ahipara,NZ,2022-04-19 18:18:39,-35.1667,173.1667,68.11,88,49,11.97
377,Puerto Lopez,CO,2022-04-19 18:18:40,4.0845,-72.956,79.2,81,93,6.67
378,Pevek,RU,2022-04-19 18:18:40,69.7008,170.3133,5.79,93,26,5.68
379,Lodja,CD,2022-04-19 18:18:40,-3.4833,23.4333,75.04,78,99,0.47
380,Pingshan,CN,2022-04-19 18:18:41,22.9938,114.7131,63.37,90,100,1.52
381,Fairview,US,2022-04-19 18:18:41,40.8126,-73.999,49.55,50,100,19.57
382,Buhe,CN,2022-04-19 18:18:42,30.2876,112.2298,61.36,73,58,7.52
383,Suzhou,CN,2022-04-19 18:16:30,31.3114,120.6181,56.98,73,3,4.47
384,Kitakata,JP,2022-04-19 18:18:42,37.65,139.8667,39.7,80,0,2.19
385,Zhuanghe,CN,2022-04-19 18:18:43,39.7008,122.9911,49.75,72,0,6.49
386,Pisco,PE,2022-04-19 18:18:44,-13.7,-76.2167,68.05,77,0,10.36
387,Banjul,GM,2022-04-19 18:18:44,13.45,-16.5833,77.32,69,0,11.5
388,Assiniboia,CA,2022-04-19 18:18:33,49.6334,-105.9845,33.62,60,100,14.97
389,Kirya,TZ,2022-04-19 18:18:45,-3.9167,37.4833,80.74,54,84,13.4
390,Lakshmeshwar,IN,2022-04-19 18:18:45,15.1333,75.4667,83.46,47,80,8.86
391,Vilhena,BR,2022-04-19 18:16:07,-12.7406,-60.1458,86.22,48,0,9.22
392,Mount Isa,AU,2022-04-19 18:18:46,-20.7333,139.5,73.17,25,18,14.97
393,Qui Nhon,VN,2022-04-19 18:18:46,13.7667,109.2333,74.34,90,98,11.01
394,Narrabri,AU,2022-04-19 18:18:47,-30.3167,149.7833,55.53,82,59,2.26
395,Kirs,RU,2022-04-19 18:18:47,59.3388,52.2447,35.71,97,100,1.79
396,Gwembe,ZM,2022-04-19 18:18:47,-16.4975,27.6069,62.13,94,70,3.31
397,Ojinaga,MX,2022-04-19 18:18:48,29.5667,-104.4167,91.58,42,0,6.91
398,Kruisfontein,ZA,2022-04-19 18:18:48,-34.0033,24.7314,66.88,90,3,10.25
399,Bafia,CM,2022-04-19 18:18:49,4.75,11.2333,74.17,86,86,2.8
400,Ciudad Bolivar,VE,2022-04-19 18:15:50,8.1222,-63.5497,98.1,28,55,7.05
401,Nikolsk,RU,2022-04-19 18:18:49,53.7189,46.0712,54.3,71,93,5.95
402,Plainview,US,2022-04-19 18:18:50,40.7765,-73.4673,50.47,52,75,23.02
403,Tam Ky,VN,2022-04-19 18:18:50,15.5667,108.4833,71.37,92,58,4.88
404,Marienburg,PL,2022-04-19 18:18:50,54.0359,19.0266,47.12,96,100,6.85
405,Bay Roberts,CA,2022-04-19 18:18:51,47.5999,-53.2648,39.65,61,23,5.01
406,Doha,QA,2022-04-19 18:18:51,25.2867,51.5333,77.31,53,0,4.61
407,Uusikaupunki,FI,2022-04-19 18:18:52,60.8004,21.4084,43.27,78,85,6.06
408,Andenes,NO,2022-04-19 18:18:52,69.3143,16.1194,48.18,71,0,12.66
409,Guinayangan,PH,2022-04-19 18:18:52,13.9006,122.4519,75.51,91,24,4.14
410,Salalah,OM,2022-04-19 18:18:53,17.0151,54.0924,82.49,78,0,4.61
411,Pasni,PK,2022-04-19 18:18:53,25.2631,63.471,79.39,90,0,4.12
412,Sokolo,ML,2022-04-19 18:18:54,14.7328,-6.1219,97.32,6,11,4.81
413,Kandrian,PG,2022-04-19 18:18:54,-6.2167,149.55,76.78,88,100,1.54
414,Kavaratti,IN,2022-04-19 18:18:54,10.5669,72.642,85.14,76,78,11.7
415,Ballinasloe,IE,2022-04-19 18:18:55,53.3275,-8.2194,48.56,87,87,6.11
416,Hartford,US,2022-04-19 18:18:55,41.7668,-72.7662,49.05,69,100,12.66
417,Russell,US,2022-04-19 18:18:56,32.3502,-85.1999,64.06,34,20,9.22
418,Black Forest,US,2022-04-19 18:18:56,39.0131,-104.7008,71.04,23,20,18.41
419,Tulu Bolo,ET,2022-04-19 18:18:56,8.6667,38.2167,66.7,44,72,14.43
420,Antropovo,RU,2022-04-19 18:18:57,58.3988,43.0066,37.76,91,51,2.26
421,Camacha,PT,2022-04-19 18:18:57,33.0833,-16.3333,58.42,59,75,16.11
422,Haukipudas,FI,2022-04-19 18:18:58,65.1765,25.3523,39.25,84,64,2.35
423,New Kensington,US,2022-04-19 18:18:58,40.5698,-79.7648,40.62,76,100,10.0
424,Biltine,TD,2022-04-19 18:18:59,14.5333,20.9167,93.99,20,94,3.04
425,Dhing,IN,2022-04-19 18:18:59,26.4667,92.4667,76.01,75,91,5.61
426,Pringsewu,ID,2022-04-19 18:18:59,-5.3582,104.9744,73.94,95,100,2.73
427,Waki,JP,2022-04-19 18:19:00,34.0667,134.15,53.02,63,15,3.91
428,Chistoye,RU,2022-04-19 18:19:01,56.5375,43.0045,36.79,94,86,6.06
429,Cabra,ES,2022-04-19 18:19:01,37.4725,-4.4421,59.04,62,14,12.75
430,Wattegama,LK,2022-04-19 18:19:02,6.7989,81.4808,76.69,91,95,2.51
431,Vadso,NO,2022-04-19 18:19:03,70.0744,29.7487,38.28,100,100,8.05
432,Banepa,NP,2022-04-19 18:19:03,27.6298,85.5214,62.92,82,75,4.61
433,Cowra,AU,2022-04-19 18:19:04,-33.8333,148.6833,53.19,95,68,5.48
434,Atambua,ID,2022-04-19 18:19:04,-9.1061,124.8925,72.66,87,49,3.44
435,Forestville,US,2022-04-19 18:19:05,38.8451,-76.875,52.66,43,100,21.85
436,Methoni,GR,2022-04-19 18:19:05,36.8197,21.7049,53.46,63,0,16.26
437,Vostok,RU,2022-04-19 18:19:05,46.4856,135.8833,37.94,74,66,6.06
438,The Valley,AI,2022-04-19 18:19:06,18.217,-63.0578,82.54,61,40,19.57
439,Komsomolskiy,UZ,2022-04-19 18:16:58,40.4272,71.7189,68.72,52,73,9.22
440,Koumac,NC,2022-04-19 18:19:07,-20.5667,164.2833,74.12,87,0,5.75
441,Karpushikha,RU,2022-04-19 18:19:07,57.5017,59.8956,29.61,96,96,3.58
442,Puerto Asis,CO,2022-04-19 18:19:08,0.5133,-76.5007,72.79,94,100,1.5
443,Saverne,FR,2022-04-19 18:19:08,48.8333,7.25,60.93,65,100,4.79
444,Meiktila,MM,2022-04-19 18:19:08,20.8667,95.8667,82.44,54,11,7.76
445,West Des Moines,US,2022-04-19 18:17:32,41.572,-93.7453,43.32,48,100,8.05
446,Puerto Carreno,CO,2022-04-19 18:19:10,6.189,-67.4859,92.62,45,90,1.5
447,Astoria,US,2022-04-19 18:19:10,46.1879,-123.8313,48.15,82,20,4.0
448,Pierre,US,2022-04-19 18:15:05,44.3683,-100.351,54.86,26,0,33.38
449,Acarau,BR,2022-04-19 18:19:11,-2.8856,-40.12,82.92,77,96,11.05
450,Moron,AR,2022-04-19 18:19:11,-34.6534,-58.6198,78.94,60,26,5.68
451,Wagar,SD,2022-04-19 18:19:12,16.1525,36.2032,103.35,15,63,6.73
452,Nefteyugansk,RU,2022-04-19 18:19:12,61.0998,72.6035,32.02,98,100,8.46
453,Sao Jose Da Coroa Grande,BR,2022-04-19 18:19:12,-8.8978,-35.1478,82.9,71,100,9.51
454,Grants Pass,US,2022-04-19 18:19:13,42.439,-123.3284,46.85,90,75,5.75
455,Natchitoches,US,2022-04-19 18:19:13,31.7668,-93.1335,68.85,52,0,10.36
456,Port Moresby,PG,2022-04-19 18:19:14,-9.4431,147.1797,76.24,87,100,3.0
457,Parry Sound,CA,2022-04-19 18:14:51,45.3501,-80.033,39.25,87,100,11.36
458,Kaseda,JP,2022-04-19 18:19:15,31.4167,130.3167,61.32,69,100,2.64
459,Kyra,RU,2022-04-19 18:19:15,49.5776,111.9753,46.56,67,100,9.62
460,Arica,CL,2022-04-19 18:16:54,-18.475,-70.3042,78.35,68,0,14.97
461,Gebze,TR,2022-04-19 18:19:16,40.8028,29.4307,46.06,100,75,4.61
462,Mataram,ID,2022-04-19 18:19:16,-8.5833,116.1167,77.81,83,100,2.91
463,Cocula,MX,2022-04-19 18:19:16,20.3652,-103.8222,93.56,22,0,3.78
464,Borujerd,IR,2022-04-19 18:19:17,33.8973,48.7516,63.86,28,93,3.87
465,Olga,RU,2022-04-19 18:19:17,43.7444,135.2892,40.06,76,8,7.11
466,Tukrah,LY,2022-04-19 18:19:18,32.5341,20.5791,58.44,71,2,6.11
467,Plouzane,FR,2022-04-19 18:14:26,48.3833,-4.6167,50.32,69,20,11.5
468,Saldanha,ZA,2022-04-19 18:19:18,-33.0117,17.9442,68.36,45,5,9.15
469,Maceio,BR,2022-04-19 18:19:19,-9.6658,-35.7353,83.64,69,75,11.5
470,Sept-Iles,CA,2022-04-19 18:18:23,50.2001,-66.3821,32.52,88,100,21.85
471,Faanui,PF,2022-04-19 18:14:24,-16.4833,-151.75,81.34,70,9,6.96
472,Noumea,NC,2022-04-19 18:19:20,-22.2763,166.4572,71.58,81,1,4.03
473,De-Kastri,RU,2022-04-19 18:19:20,51.4667,140.7833,31.69,96,99,7.2
474,Brainerd,US,2022-04-19 18:18:29,46.358,-94.2008,41.25,35,0,10.36
475,Bakchar,RU,2022-04-19 18:19:21,57.0186,82.0711,33.87,80,59,4.99
476,Qasigiannguit,GL,2022-04-19 18:19:21,68.8193,-51.1922,8.85,82,91,7.56
477,Nome,US,2022-04-19 18:19:21,64.5011,-165.4064,32.07,55,0,10.36
478,La Rioja,ES,2022-04-19 18:19:22,42.25,-2.5,38.98,99,100,5.06
479,Kedrovyy,RU,2022-04-19 18:19:22,56.1667,91.8167,32.41,83,100,9.13
480,Talara,PE,2022-04-19 18:19:23,-4.5772,-81.2719,81.36,57,0,11.5
481,Dabra,IN,2022-04-19 18:19:24,25.9,78.3333,93.85,14,34,8.16
482,Tarrafal,CV,2022-04-19 18:19:24,15.2833,-23.7667,77.79,82,10,15.48
483,Doka,SD,2022-04-19 18:19:25,13.5167,35.7667,93.76,18,27,6.2
484,Lima,PE,2022-04-19 18:19:25,-12.0432,-77.0282,70.05,64,0,10.36
485,Marquette,US,2022-04-19 18:19:26,46.5333,-87.6335,32.83,72,98,12.93
486,Verkhnevilyuysk,RU,2022-04-19 18:19:26,63.4453,120.3167,18.09,91,100,9.08
487,Pervomaysk,UA,2022-04-19 18:19:27,48.0443,30.8507,45.46,59,89,4.45
488,Semey,KZ,2022-04-19 18:19:27,50.4111,80.2275,43.57,38,5,4.97
489,Khorixas,NA,2022-04-19 18:19:28,-20.3667,14.9667,82.27,20,90,9.4
490,Vangaindrano,MG,2022-04-19 18:19:28,-23.35,47.6,74.23,84,13,2.42
491,Vanimo,PG,2022-04-19 18:19:29,-2.6741,141.3028,77.67,90,99,3.85
492,Constantine,DZ,2022-04-19 18:19:03,36.365,6.6147,71.01,30,75,12.66
493,Valparaiso,CL,2022-04-19 18:18:50,-33.0393,-71.6273,64.04,77,40,10.36
494,Margate,GB,2022-04-19 18:19:29,51.3813,1.3862,55.31,82,100,7.0
495,Raudeberg,NO,2022-04-19 18:19:30,61.9875,5.1352,48.96,76,35,14.56
496,Lavrentiya,RU,2022-04-19 18:19:30,65.5833,-171.0,20.32,84,45,8.34
497,Severnoye,RU,2022-04-19 18:19:30,56.3491,78.3619,35.73,64,12,5.5
498,Altus,US,2022-04-19 18:15:02,34.6381,-99.334,69.31,43,100,21.85
499,Humberto De Campos,BR,2022-04-19 18:19:31,-2.5983,-43.4611,82.67,80,94,5.03
500,Acapulco,MX,2022-04-19 18:19:10,16.8634,-99.8901,84.02,65,0,4.61
501,Tsumeb,NA,2022-04-19 18:19:31,-19.2333,17.7167,68.38,32,100,8.59
502,Visaginas,LT,2022-04-19 18:19:32,55.6,26.4167,49.8,58,97,10.98
503,Varberg,SE,2022-04-19 18:19:32,57.1056,12.2508,53.24,73,72,7.23
504,Coihaique,CL,2022-04-19 18:15:08,-45.5752,-72.0662,54.21,47,40,9.22
505,Pastos Bons,BR,2022-04-19 18:19:33,-6.6017,-44.0767,85.39,64,95,5.06
506,Kutum,SD,2022-04-19 18:19:33,14.2,24.6667,86.97,16,74,10.49
507,Carutapera,BR,2022-04-19 18:19:33,-1.195,-46.02,84.2,72,72,5.68
508,Baghdad,IQ,2022-04-19 18:17:50,33.3406,44.4009,82.31,18,0,8.05
509,Port Hardy,CA,2022-04-19 18:19:34,50.6996,-127.4199,48.38,61,75,11.5
510,Itaparica,BR,2022-04-19 18:19:35,-12.8883,-38.6786,80.53,87,81,13.0
511,Aguas Vermelhas,BR,2022-04-19 18:19:35,-15.7472,-41.46,74.91,59,92,4.99
512,Igarka,RU,2022-04-19 18:19:35,67.4667,86.5833,6.26,96,100,6.78
513,Ambanja,MG,2022-04-19 18:19:36,-13.6833,48.45,76.55,92,6,2.95
514,Sorong,ID,2022-04-19 18:19:36,-0.8833,131.25,80.49,81,100,6.17
515,Diffa,NE,2022-04-19 18:19:37,13.3154,12.6113,93.9,10,99,11.18
516,Moroni,KM,2022-04-19 18:19:37,-11.7022,43.2551,81.07,79,39,6.26
517,Makushino,RU,2022-04-19 18:19:37,55.2103,67.2442,41.58,86,99,7.7
518,Linkoping,SE,2022-04-19 18:19:38,58.4109,15.6216,53.98,55,0,10.36
519,Raha,IN,2022-04-19 18:19:38,26.2333,92.5167,74.39,77,88,5.73
520,Hay River,CA,2022-04-19 18:16:39,60.8156,-115.7999,21.18,42,20,8.05
521,Franca,BR,2022-04-19 18:14:57,-20.5386,-47.4008,77.68,49,22,0.92
522,Laguna,US,2022-04-19 18:19:39,38.421,-121.4238,62.89,66,0,4.61
523,Pointe Michel,DM,2022-04-19 18:19:40,15.25,-61.3833,77.29,76,48,18.28
524,Tabas,IR,2022-04-19 18:19:40,33.5959,56.9244,68.47,27,29,6.4
525,Peace River,CA,2022-04-19 18:15:15,56.2501,-117.286,28.71,86,100,21.85
526,Mandan,US,2022-04-19 18:16:42,46.8267,-100.8896,37.38,65,0,26.46
527,Mastic Beach,US,2022-04-19 18:17:01,40.7668,-72.8521,50.54,56,100,18.41
528,Moranbah,AU,2022-04-19 18:19:41,-22.0016,148.0466,65.46,76,60,8.21
529,Ulladulla,AU,2022-04-19 18:19:42,-35.35,150.4667,57.78,84,72,7.4
530,Santa Helena,BR,2022-04-19 18:19:42,-2.2311,-45.3,82.69,85,95,2.91
531,Wokha,IN,2022-04-19 18:19:43,26.1,94.2667,54.95,90,72,3.78
532,Yuancheng,CN,2022-04-19 18:19:43,36.652,107.7896,49.33,59,12,4.18
533,Ankazoabo,MG,2022-04-19 18:19:44,-22.2833,44.5167,74.95,77,22,4.5
534,Ostersund,SE,2022-04-19 18:19:44,63.1792,14.6357,55.85,47,35,8.05
535,Christchurch,NZ,2022-04-19 18:18:49,-43.5333,172.6333,55.94,93,75,3.44
536,Kapit,MY,2022-04-19 18:19:45,2.0167,112.9333,72.86,100,99,0.58
537,Sanandaj,IR,2022-04-19 18:19:45,35.3144,46.9923,68.02,19,98,2.3
538,Beloha,MG,2022-04-19 18:19:45,-25.1667,45.05,73.92,82,22,12.33
539,Mandalgovi,MN,2022-04-19 18:19:46,45.7625,106.2708,50.41,25,100,17.76
540,Faya,SA,2022-04-19 18:19:46,18.3851,42.4509,69.91,35,34,4.41
541,Trebur,DE,2022-04-19 18:19:47,49.9311,8.4161,63.18,35,0,13.8
542,Wewak,PG,2022-04-19 18:19:47,-3.5534,143.6268,79.39,84,96,4.92
543,Tarata,BO,2022-04-19 18:19:48,-17.6167,-66.0167,80.02,25,9,2.48
544,Ola,RU,2022-04-19 18:19:48,59.5833,151.2833,18.59,92,91,6.69
545,Maryborough,AU,2022-04-19 18:19:49,-25.5333,152.7,68.11,93,1,0.49
546,Jijiga,ET,2022-04-19 18:19:49,9.35,42.8,70.3,65,34,13.13
547,Rongcheng,CN,2022-04-19 18:19:50,30.634,117.8517,57.2,69,4,3.8
548,Fort-Shevchenko,KZ,2022-04-19 18:19:50,44.5086,50.263,59.54,55,78,13.47
549,Brae,GB,2022-04-19 18:17:07,60.3964,-1.353,48.07,80,13,8.1
550,Umm Kaddadah,SD,2022-04-19 18:19:51,13.6017,26.6876,91.74,15,44,12.19
551,Cabedelo,BR,2022-04-19 18:19:51,-6.9811,-34.8339,86.67,72,97,11.77
552,Meulaboh,ID,2022-04-19 18:19:51,4.1363,96.1285,75.29,94,100,3.62
553,Khani,GE,2022-04-19 18:19:52,41.9563,42.9566,44.17,81,91,2.04
554,Kathu,TH,2022-04-19 18:18:18,7.9178,98.3332,86.76,69,100,9.22
555,Potamia,GR,2022-04-19 18:19:52,40.7163,24.7286,47.64,69,53,4.29
556,Prado,BR,2022-04-19 18:19:53,-17.3411,-39.2208,79.74,60,64,11.01
557,Jiexiu,CN,2022-04-19 18:19:53,37.0244,111.9125,56.23,23,23,6.13
558,Anadyr,RU,2022-04-19 18:19:24,64.75,177.4833,32.5,86,20,17.9
559,Stornoway,GB,2022-04-19 18:19:54,58.2093,-6.3865,48.16,88,40,5.75
560,Port Washington,US,2022-04-19 18:19:52,40.8257,-73.6982,50.59,52,75,18.41
561,Plettenberg Bay,ZA,2022-04-19 18:19:23,-34.0527,23.3716,63.88,91,7,6.22
562,Sao Miguel Do Araguaia,BR,2022-04-19 18:19:54,-13.275,-50.1628,86.65,53,72,4.9
563,Severnyy-Kospashskiy,RU,2022-04-19 18:19:55,59.0925,57.8008,29.61,44,94,2.28
564,Beira,MZ,2022-04-19 18:19:54,-19.8436,34.8389,71.69,88,20,9.22
565,Ntungamo,UG,2022-04-19 18:19:56,-0.8833,29.65,66.52,93,82,4.23
566,Mangai,CD,2022-04-19 18:19:56,-4.05,19.5333,74.12,92,100,0.78
567,Brownsville,US,2022-04-19 18:15:09,25.9018,-97.4975,82.4,75,100,18.41
568,Fort Nelson,CA,2022-04-19 18:15:47,58.8053,-122.7002,26.19,36,75,3.44
569,Denpasar,ID,2022-04-19 18:19:29,-8.65,115.2167,80.26,94,40,1.14
570,Taveta,KE,2022-04-19 18:19:57,-3.3963,37.6736,75.49,70,72,10.25
571,Sarankhola,BD,2022-04-19 18:19:57,22.3082,89.7897,79.61,90,14,6.49
